{"is_source_file": false, "format": "", "description": "", "external_files": [], "external_methods": [], "published": [], "classes": [], "methods": [], "calls": [], "search-terms": [], "state": 2, "file_id": 12, "knowledge_revision": 21, "git_revision": "a2375ecb8996ae6ff4dceb65ecd9023af091bb32", "ctags": [], "hash": "1a77571e1a8cf36018a41bcedf60db75", "format-version": 4, "code-base-name": "pomodoro_frontend", "filename": "pomodoro_frontend/src/setupTests.js", "revision_history": [{"21": "a2375ecb8996ae6ff4dceb65ecd9023af091bb32"}]}