{"is_source_file": false, "format": "", "description": "", "external_files": [], "external_methods": [], "published": [], "classes": [], "methods": [], "calls": [], "search-terms": [], "state": 2, "file_id": 6, "knowledge_revision": 17, "git_revision": "a2375ecb8996ae6ff4dceb65ecd9023af091bb32", "hash": "be6538e7523bc2e9da0743133d784136", "format-version": 4, "code-base-name": "pomodoro_frontend", "filename": "pomodoro_frontend/eslint.config.mjs", "revision_history": [{"17": "a2375ecb8996ae6ff4dceb65ecd9023af091bb32"}]}