{"is_source_file": true, "format": "JavaScript", "description": "This file is a JavaScript source file for a React frontend application. It imports necessary modules and renders the main App component into the DOM.", "external_files": ["react", "react-dom/client", "./index.css", "./App"], "external_methods": ["ReactDOM.createRoot", "root.render"], "published": [], "classes": [], "methods": [{"name": "ReactDOM.createRoot", "description": "Creates a root for React's rendering in the specified DOM element."}, {"name": "root.render", "description": "Renders React components into the root element."}], "calls": ["ReactDOM.createRoot", "root.render", "React.StrictMode", "<App />"], "search-terms": ["React", "ReactDOM", "index.js", "render", "App component", "DOM element", "react frontend"], "state": 2, "file_id": 9, "knowledge_revision": 22, "git_revision": "a2375ecb8996ae6ff4dceb65ecd9023af091bb32", "ctags": [{"_type": "tag", "name": "root", "path": "/home/kavia/workspace/code-generation/focus-timer-and-stats-201711-201720/pomodoro_frontend/src/index.js", "pattern": "/^const root = ReactDOM.createRoot(document.getElementById('root'));$/", "language": "JavaScript", "kind": "constant"}], "hash": "9fc5841375336fc175b49f8767a11383", "format-version": 4, "code-base-name": "pomodoro_frontend", "filename": "pomodoro_frontend/src/index.js", "revision_history": [{"22": "a2375ecb8996ae6ff4dceb65ecd9023af091bb32"}]}