{"is_source_file": false, "format": "", "description": "", "external_files": [], "external_methods": [], "published": [], "classes": [], "methods": [], "calls": [], "search-terms": [], "state": 2, "file_id": 2, "knowledge_revision": 20, "git_revision": "a2375ecb8996ae6ff4dceb65ecd9023af091bb32", "hash": "ebece526bc2eadd78ddd787a76c56607", "format-version": 4, "code-base-name": "pomodoro_frontend", "filename": "pomodoro_frontend/README.md", "revision_history": [{"20": "a2375ecb8996ae6ff4dceb65ecd9023af091bb32"}]}