{"is_source_file": false, "format": "", "description": "", "external_files": [], "external_methods": [], "published": [], "classes": [], "methods": [], "calls": [], "search-terms": [], "state": 2, "file_id": 3, "knowledge_revision": 14, "git_revision": "a2375ecb8996ae6ff4dceb65ecd9023af091bb32", "hash": "d2b40d02d5f7873d8a6713bad837edd4", "format-version": 4, "code-base-name": "pomodoro_frontend", "filename": "pomodoro_frontend/public/index.html", "revision_history": [{"14": "a2375ecb8996ae6ff4dceb65ecd9023af091bb32"}]}