{"is_source_file": false, "format": "", "description": "", "external_files": [], "external_methods": [], "published": [], "classes": [], "methods": [], "calls": [], "search-terms": [], "state": 2, "file_id": 5, "knowledge_revision": 16, "git_revision": "a2375ecb8996ae6ff4dceb65ecd9023af091bb32", "hash": "d001d53c059625c4bcf75bf5a7f3fcf0", "format-version": 4, "code-base-name": "pomodoro_frontend", "filename": "pomodoro_frontend/package.json", "revision_history": [{"16": "a2375ecb8996ae6ff4dceb65ecd9023af091bb32"}]}