{"is_source_file": true, "format": "JavaScript (React JSX)", "description": "This file defines a React functional component 'App' that manages a theme toggle between light and dark modes. It includes UI elements such as a button for toggling themes, an image, and informational text.", "external_files": ["./logo.svg", "./App.css"], "external_methods": ["React.useState", "React.useEffect"], "published": ["App"], "classes": [], "methods": [{"name": "App()", "description": "React functional component that renders the application's main interface with theme toggling functionality.", "scope": "", "scopeKind": ""}, {"name": "toggleTheme", "description": "Function to switch between light and dark themes by updating component state."}], "calls": ["React.useState", "React.useEffect", "document.documentElement.setAttribute", "setTheme", "prevTheme => prevTheme === 'light' ? 'dark' : 'light'", "logo", "console.log"], "search-terms": ["React functional component", "theme toggle", "useState", "useEffect", "App.js"], "state": 2, "file_id": 10, "knowledge_revision": 23, "git_revision": "a2375ecb8996ae6ff4dceb65ecd9023af091bb32", "ctags": [{"_type": "tag", "name": "App", "path": "/home/kavia/workspace/code-generation/focus-timer-and-stats-201711-201720/pomodoro_frontend/src/App.js", "pattern": "/^function App() {$/", "language": "JavaScript", "kind": "function", "signature": "()"}, {"_type": "tag", "name": "Switch to ${theme === 'light' ? 'dark' : 'light'} mode", "path": "/home/kavia/workspace/code-generation/focus-timer-and-stats-201711-201720/pomodoro_frontend/src/App.js", "pattern": "/^          aria-label={`Switch to ${theme === 'light' ? 'dark' : 'light'} mode`}$/", "language": "JavaScript", "kind": "field", "scope": "App.aria", "scopeKind": "class"}, {"_type": "tag", "name": "toggleTheme", "path": "/home/kavia/workspace/code-generation/focus-timer-and-stats-201711-201720/pomodoro_frontend/src/App.js", "pattern": "/^          onClick={toggleTheme}$/", "language": "JavaScript", "kind": "field", "scope": "App.onClick", "scopeKind": "class"}], "hash": "b55dd9e6a018e59207d8e277dffd9e11", "format-version": 4, "code-base-name": "pomodoro_frontend", "filename": "pomodoro_frontend/src/App.js", "fields": [{"name": "aria-label={`Switch to ${theme === 'light' ? 'dark' : 'light'} mode`}", "scope": "App.aria", "scopeKind": "class", "description": "unavailable"}, {"name": "onClick={toggleTheme}", "scope": "App.onClick", "scopeKind": "class", "description": "unavailable"}], "revision_history": [{"23": "a2375ecb8996ae6ff4dceb65ecd9023af091bb32"}]}