{"is_source_file": false, "format": "", "description": "", "external_files": [], "external_methods": [], "published": [], "classes": [], "methods": [], "calls": [], "search-terms": ["App.css", "CSS variables", "theme management", "media queries", "responsive design"], "state": 2, "file_id": 11, "knowledge_revision": 19, "git_revision": "a2375ecb8996ae6ff4dceb65ecd9023af091bb32", "hash": "22f9e17cc1848b56dbb244518ac2707e", "format-version": 4, "code-base-name": "pomodoro_frontend", "filename": "pomodoro_frontend/src/App.css", "revision_history": [{"19": "a2375ecb8996ae6ff4dceb65ecd9023af091bb32"}]}