{"is_source_file": false, "format": "", "description": "", "external_files": [], "external_methods": [], "published": [], "classes": [], "methods": [], "calls": [], "search-terms": [], "state": 2, "file_id": 4, "knowledge_revision": 15, "git_revision": "a2375ecb8996ae6ff4dceb65ecd9023af091bb32", "hash": "d9d975cebe2ec20b6c652e1e4c12ccf0", "format-version": 4, "code-base-name": "pomodoro_frontend", "filename": "pomodoro_frontend/public/manifest.json", "revision_history": [{"15": "a2375ecb8996ae6ff4dceb65ecd9023af091bb32"}]}