{"is_source_file": false, "format": "", "description": "", "external_files": [], "external_methods": [], "published": [], "classes": [], "methods": [], "calls": [], "search-terms": [], "state": 2, "file_id": 8, "knowledge_revision": 18, "git_revision": "a2375ecb8996ae6ff4dceb65ecd9023af091bb32", "hash": "6c2104b8d219ed99234ae2d6329f4357", "format-version": 4, "code-base-name": "pomodoro_frontend", "filename": "pomodoro_frontend/src/index.css", "revision_history": [{"18": "a2375ecb8996ae6ff4dceb65ecd9023af091bb32"}]}