{"is_source_file": false, "format": "", "description": "", "external_files": [], "external_methods": [], "published": [], "classes": [], "methods": [], "calls": [], "search-terms": ["README.md", "focus-timer-and-stats"], "state": 2, "file_id": 1, "knowledge_revision": 24, "git_revision": "332270c109ddc3a26a240251647bec276f484b5d", "hash": "7692755f04fa300fd84dea822600e2bd", "format-version": 4, "code-base-name": "pomodoro_frontend", "filename": "README.md", "revision_history": [{"24": "332270c109ddc3a26a240251647bec276f484b5d"}]}